basename,sha1,path,action,reason
route.ts,86f7961a560f8339952fe2284b8198d19b436c05,C:/Users/info/Desktop/anborco-app/app/api/compliance-news/route.ts,REVIEW,"Same name, different content exists"
route.ts,64a745caeeef0e56cb2d973cdcdb41fe7baa7ec7,C:/Users/info/Desktop/anborco-app/app/api/daily-reports/return/route.ts,REVIEW,"Same name, different content exists"
route.ts,ae370105c1c428bb369f7a4b1dea07726c9565f7,C:/Users/info/Desktop/anborco-app/app/api/daily-reports/route.ts,REVIEW,"Same name, different content exists"
route.ts,8bfac2590f13ecdd1a142f72a0313ae20abb2ffc,C:/Users/info/Desktop/anborco-app/app/api/daily-reports/save/route.ts,REVIEW,"Same name, different content exists"
route.ts,b91896fd160ddf067c0968b00f54ca55397be2a5,C:/Users/info/Desktop/anborco-app/app/api/driver-locations/route.ts,REVIEW,"Same name, different content exists"
route.ts,c1974ef2ddee97c72a03ce9524e9e3443a76012d,C:/Users/info/Desktop/anborco-app/app/api/drivers/route.ts,REVIEW,"Same name, different content exists"
route.ts,11f1d3cd3133a40b696bb51311f15742dcb01f3c,C:/Users/info/Desktop/anborco-app/app/api/drivers/save/route.ts,REVIEW,"Same name, different content exists"
route.ts,526de9cff4ae3e74b8bb8088b47c0db432ea4829,C:/Users/info/Desktop/anborco-app/app/api/projects/custom-fields/route.ts,REVIEW,"Same name, different content exists"
route.ts,8bb14e88d8630a1874dbf9396576aa7eb41079ac,C:/Users/info/Desktop/anborco-app/app/api/projects/route.ts,REVIEW,"Same name, different content exists"
route.ts,1741aa8e2a08c56da9cd1e037ccff113ad361436,C:/Users/info/Desktop/anborco-app/app/api/projects/save-bulk/route.ts,REVIEW,"Same name, different content exists"
route.ts,6068f2264f8caee8fadae6e18c240532ae5771c2,C:/Users/info/Desktop/anborco-app/app/api/projects/[id]/files/route.ts,REVIEW,"Same name, different content exists"
route.ts,cd8221b4419a5ff6435a339167fe141f2bc4d930,C:/Users/info/Desktop/anborco-app/app/api/projects/[id]/route.ts,REVIEW,"Same name, different content exists"
route.ts,407fca6d16dd71bdaeca799172ec6e143d16dd81,C:/Users/info/Desktop/anborco-app/app/notifications/save/route.ts,REVIEW,"Same name, different content exists"
route.ts,1ade72308153a1de6cf3517963112c253faa839f,C:/Users/info/Desktop/anborco-app/src/app/api/counters/next/route.ts,REVIEW,"Same name, different content exists"
route.ts,19edf83863c823089ce615b4065936ec9004d951,C:/Users/info/Desktop/anborco-app/src/app/api/drivers/route.ts,REVIEW,"Same name, different content exists"
route.ts,6bceb5853baa1ade98e12fd7a9229cfd48255c2d,C:/Users/info/Desktop/anborco-app/src/app/api/pdfs/route.ts,REVIEW,"Same name, different content exists"
route.ts,f8e62534b6c7ebe0cc080dabc6dbba929a66db5c,C:/Users/info/Desktop/anborco-app/src/app/api/pdfs/save/route.ts,REVIEW,"Same name, different content exists"
route.ts,9f8718491ccbf2066d300299b81fb9fc4751ab98,C:/Users/info/Desktop/anborco-app/src/app/api/templates/route.ts,REVIEW,"Same name, different content exists"
route.ts,09b2e0543e04343908ca419bec059978067bde84,C:/Users/info/Desktop/anborco-app/src/app/api/templates/update-map/route.ts,REVIEW,"Same name, different content exists"
route.ts,61273600c5996ef91befc7f7ba3b5e62c58b73c4,C:/Users/info/Desktop/anborco-app/src/app/api/templates/upload/route.ts,REVIEW,"Same name, different content exists"
route.ts,f4f5926a4790f9e102346f02712d05b5ba1db8ce,C:/Users/info/Desktop/anborco-app/src/app/api/zips/route.ts,REVIEW,"Same name, different content exists"
route.ts,881a5100f4742a129650228a4848ebbe867769cc,C:/Users/info/Desktop/anborco-app/src/app/api/zips/save/route.ts,REVIEW,"Same name, different content exists"
package.json,2c79d0f4c7eff173bb90e27069c28341c114f859,C:/Users/info/Desktop/anborco-app/functions/package.json,REVIEW,"Same name, different content exists"
package.json,66efa28638a3c7e8329c746622c8c4b3b59c17b8,C:/Users/info/Desktop/anborco-app/package.json,REVIEW,"Same name, different content exists"
package.json,a0dc4b4288aff36cc2f8a52eb689393f70e64d24,C:/Users/info/Desktop/anborco-app/server/package.json,REVIEW,"Same name, different content exists"
index.ts,caead1404b1ea07697b67ade893c4a3412b205c1,C:/Users/info/Desktop/anborco-app/functions/src/index.ts,REVIEW,"Same name, different content exists"
index.ts,d4ff676877b25320dc61dd442f90634001b07604,C:/Users/info/Desktop/anborco-app/server/src/index.ts,REVIEW,"Same name, different content exists"
index.ts,59de114095af90829af471741525104badc69984,C:/Users/info/Desktop/anborco-app/src/pages/api_backup/drivers/index.ts,REVIEW,"Same name, different content exists"
index.ts,762e2dca5901ac77a697f551caa37b14f5757f6f,C:/Users/info/Desktop/anborco-app/src/pages/api_backup/notifications/index.ts,REVIEW,"Same name, different content exists"
tsconfig.json,f834f418520984c3236d168434ef4d05c2b67c05,C:/Users/info/Desktop/anborco-app/functions/tsconfig.json,REVIEW,"Same name, different content exists"
tsconfig.json,78a442d7664ee992c2f88366257487178f2ea408,C:/Users/info/Desktop/anborco-app/server/tsconfig.json,REVIEW,"Same name, different content exists"
tsconfig.json,fbc52d8e80d67f13502dafd90c91ab9af9e0773c,C:/Users/info/Desktop/anborco-app/tsconfig.json,REVIEW,"Same name, different content exists"
auth.ts,cd7f83009688bc5866f11453fac5ab0f33d29753,C:/Users/info/Desktop/anborco-app/lib/auth.ts,REVIEW,"Same name, different content exists"
auth.ts,bbfc9ebad8c4ee8867f7c457f008d015fd5f7cfa,C:/Users/info/Desktop/anborco-app/server/src/middleware/auth.ts,REVIEW,"Same name, different content exists"
db.ts,74fd8b605f5edb634e11bbe9b8c5eaf414f0d2f9,C:/Users/info/Desktop/anborco-app/lib/db.ts,REVIEW,"Same name, different content exists"
db.ts,e753475374b5c4d562ee1b0907f013bbd3735e74,C:/Users/info/Desktop/anborco-app/server/src/lib/db.ts,REVIEW,"Same name, different content exists"
db.ts,778d4b3ab8ddffaddb110652ea9b28e69ac50730,C:/Users/info/Desktop/anborco-app/src/lib/db.ts,REVIEW,"Same name, different content exists"
index.css,2d05991c511e99edc084ff6589d7bec426ba620e,C:/Users/info/Desktop/anborco-app/Massrc/index.css,REVIEW,"Same name, different content exists"
index.css,a714d50fb38e74eacff3bc5c9cf03e4f07f84151,C:/Users/info/Desktop/anborco-app/src/index.css,REVIEW,"Same name, different content exists"
index.css,0ab5283d1f344b1a13feae823c6998897183d04b,C:/Users/info/Desktop/anborco-app/ログインsrc/index.css,REVIEW,"Same name, different content exists"
package-lock.json,40221dc4f9ec2173ff17bbd1d2a55b19d3b76526,C:/Users/info/Desktop/anborco-app/package-lock.json,REVIEW,"Same name, different content exists"
package-lock.json,b964611399e085380fcc6628946704f863318132,C:/Users/info/Desktop/anborco-app/server/package-lock.json,REVIEW,"Same name, different content exists"
README.txt,bf720c75dffe1b04084aa8679acf3e8a81f0dda9,C:/Users/info/Desktop/anborco-app/public/README.txt,REVIEW,"Same name, different content exists"
README.txt,ed773abe19feee0b024e3fb0ccfe95fef3526d24,C:/Users/info/Desktop/anborco-app/README.txt,REVIEW,"Same name, different content exists"
